B,B/T,BM,Cb,Cm,Cp,Crew decks,Cw,D,DWT,D_Up,Failed,Fn,GM,Iteration,KB,KG,L/B,L/D,L/Disp_ratio,LB,LBD_Up,LBP,LCB,LD_Up,LOA,LWL,P_E,P_I,Pas decks,T,T/D,T/D_Up,T_roll,T_roll_IMO,V_Displ_HS,Veh decks,W_Displ,W_Displ_HS,W_Fluids,W_LS,W_err,dB/T,dCb,dL,dL/B
30.8,4.4766662818216325,13.11014677927459,0.5086248327592527,0.9340038108854887,0.5445639801801745,12.869290945449476,0.7360373829314769,8.382313888578496,6871.927321560966,15.37638126498856,Displacement,0.5792021354598572,11.453584968233606,106,4.211057910963963,5.867619722004947,4.586850649350658,16.853938170043666,5.699832847901331,4780.022351166948,46834.75055483482,141.27500000000026,-15.965093426368753,9.187792469849724,155.19553088204378,147.06727500000025,19034.931844200604,27992.546829706767,0.37343924618491786,6.880119727724478,0.8207900371160205,0.4474472640315086,120.53111318832983,7.512251724224089,15226.833132244408,0.336960286587801,15575.991637992956,15607.503960550517,1744.264530825962,7962.350428908517,-0.202313427548946,0.0,-0.0001,0.0,0.0
